Year,15-16QA,37-4QA,39-8QA,88-12QA,89-12QA,95-8QA,117-8QA,133-12QA,138-8QA,179-4QA,184-4QA,206-12QA,210-8QA,215-8QA, 223-4QA,233-12QA,237-8QA,238-8QA,261-16QA,278-16QA, 18-16QR,20-12QR,21-8QR,54-12QR,63-8QR,74-12QR,77-QR,92-QR,94-16QR,109-15QR,118-QR,129-16QR,134-8QR,135-4QR,140-12QR,165-QR,172-12QR,180-12QR,182-12QR,183-8QR,187-12QR,194-12QR,205-8QR,207-4QR,213-12QR,217-12QR,224-QR,227-11QR,236-12QR,239-4QR,241-4QR,245-8QR,276-4QR,277-12QR,46-8QV,62-8QV,65-8QV,178-8QV,230-16QV,274-8QV,125-12QP,22-12QM,23-8QM,79-8 QM
1776,,,,,,,,,,,,,,,,,,,,,,,,,,,,,,,,,,,,,,,,,,,,,,,,,,,,,,,,,,,,,,,,
1777,,,,,,,,,,,,,,,,,,,,,,,,,,,,,,,,,,,,,,,,,,,,,,,,,,,,,,,,,,,,,,,,
1778,,,,,,,,,,,,,,,,,,,,,,,,,,,,,,,,,,,,,,,,,,,,,,,,,,,,,,,,,,,,,,,,
1779,,,,,,,,,,,,,,,,,,,,,,,,,,,,,,,,,,,,,,,,,,,,,,,,,,,,,,,,,,,,,,,,
1780,,,,,,,,,,,,,,,,,,,,,,,,,,,,,,,,,,,,,,,,,,,,,,,,,,,,,,,,,,,,,,,,
1781,,,,,,,,,,,,,,,,,,,,,,,,,,,,,,,,,,,,,,,,,,,,,,,,,,,,,,,,,,,,,,,,
1782,,,,,,,,,,,,,,,,,,,,,,,,,,,,,,,,,,,,,,,,,,,,,,,,,,,,,,,,,,,,,,,,
1783,,,,,,,,,,,,,,,,,,,,,,,,,,,,,,,,,,,,,,,,,,,,,,,,,,,,,,,,,,,,,,,,
1784,,,,,,,,,,,,,,,,,,,,,,,,,,,,,,,,,,,,,,,,,,,,,,,,,,,,,,,,,,,,,,,,
1785,,,,,,,,,,,,,,,,,,,,,,,,,,,,,,,,,,,,,,,,,,,,,,,,,,,,,,,,,,,,,,,,
1786,,,,,,,,,,,,,,,,,,,,,,,,,,,,,,,,,,,,,,,,,,,,,,,,,,,,,,,,,,,,,,,,
1787,,,,,,,,,,,,,,,,,,,,,,,,,,,,,,,,,,,,,,,,,,,,,,,,,,,,,,,,,,,,,,,,
1788,,,,,,,,,,,,,,,,,,,,,,,,,,,,,,,,,,,,,,,,,,,,,,,,,,,,,,,,,,,,,,,,
1789,,,,,,,,,,,,,,,,,,,,,,,,,,,,,,,,,,,,,,,,,,,,,,,,,,,,,,,,,,,,,,,,
1790,,,,,,,,,,,,,,,,,,,,,,,,,,,,,,,,,,,,,,,,,,,,,,,,,,,,,,,,,,,,,,,,
1791,,,,,,,,,,,,,,,,,,,,,,,,,,,,,,,,,,,,,,,,,,,,,,,,,,,,,,,,,,,,,,,,
1792,,,,,,,,,,,,,,,,,,,,,,,,,,,,,,,,,,,,,,,,,,,,,,,,,,,,,,,,,,,,,,,,
1793,,,,,,,,,,,,,,,,,,,,,,,,,,,,,,,,,,,,,,,,,,,,,,,,,,,,,,,,,,,,,,,,
1794,,,,,,,,,,,,,,,,,,,,,,,,,,,,,,,,,,,,,,,,,,,,,,,,,,,,,,,,,,,,,,,,
1795,,,,,,,,,,,,,,,,,,,,,,,,,,,,,,,,,,,,,,,,,,,,,,,,,,,,,,,,,,,,,,,,
1796,,,,,,,,,,,,,,,,,,,,,,,,,,,,,,,,,,,,,,,,,,,,,,,,,,,,,,,,,,,,,,,,
1797,,,,,,,,,,,,,,,,,,,,,,,,,,,,,,,,,,,,,,,,,,,,,,,,,,,,,,,,,,,,,,,,
1798,,,,,,,,,,,,,,,,,,,,,,,,,,,,,,,,,,,,,,,,,,,,,,,,,,,,,,,,,,,,,,,,
1799,,,,,,,,,,,,,,,,,,,,,,,,,,,,,,,,,,,,,,,,,,,,,,,,,,,,,,,,,,,,,,,,
1800,,,,,,,,,,,,,,,,,,,,,,,,,,,,,,,,,,,,,,,,,,,,,,,,,,,,,,,,,,,,,,,,
1801,,,,,,,,,,,,,,,,,,,,,,,,,,,,,,,,,,,,,,,,,,,,,,,,,,,,,,,,,,,,,,,,
1802,,,,,,,,,,,,,,,,,,,,,,,,,,,,,,,,,,,,,,,,,,,,,,,,,,,,,,,,,,,,,,,,
1803,,,,,,,,,,,,,,,,,,,,,,,,,,,,,,,,,,,,,,,,,,,,,,,,,,,,,,,,,,,,,,,,
1804,,,,,,,,,,,,,,,,,,,,,,,,,,,,,,,,,,,,,,,,,,,,,,,,,,,,,,,,,,,,,,,,
1805,,,,,,,0.433,,,,,,,,,,,,,,,,,,,,,,,,,,,,,,,,,,,,,,,,,,,,,,,,,,,,,,,,,
1806,,,,,,,0.694,,,,,,,,,,,,,,,,,,,,,,,,,,,,,,,,,,,,,,,,,,,,,,,,,,,,,,,,,
1807,,,,,,,0.579,,,,,,,,,,,,,,,,,,,,,,,,,,,,,,,,,,,,,,,,,,,,,,,,,,,,,,,,,
1808,,,,,,,0.62,,,,,,,,0.317,,,,,,,,,,,,,,,,,,,,,,,,,,,,,,,,,,,,,,,,,,,,,,,,,
1809,,,,,,,0.844,,,,,,,,0.224,,,,,,,,,,,,,,,,,,,,,,,,,,,,,,,,,,,,,,,,,,,,,,,,,
1810,,,,,,,0.368,,,,,,,,0.259,,,,,,,,,,,,,,,,,,,,,,,,,,,,,,,,,,,,,,,,,,,,,,,,,
1811,,,,,,,0.583,,,,,,,,0.642,,,,,,,,,,,,,,,,,,,,,,,,,,,,,,,,,,,,,,,,,,,,,,,,,
1812,,,,,,,0.491,,,,,,,,0.527,,,,,,,,,,,,,,,,,,,,,,,,,,,,,,,,,,,,,,,,,,,,,,,,,
1813,,,,,,,0.251,,,,,,,,0.485,,,,,,,,,,,,,,,,,,,,,,,,,,,,,,,,,,,,,,,,,,,,,,,,,
1814,,,,,,,0.661,,,,,,,,0.511,,,,,,,,,,,,,,,,,,,,,,,,,,,,,,,,,,,,,,,,,,,,,,,,,
1815,,,,,,,0.701,,,,,,,,0.761,,,,,,,,,,,,,,,,,,,,,,,,,,,,,,,,,,,,,,,,,,,,,,,,,
1816,,,,,,,0.235,,,,,,,,1.137,,,,,,,,,,,,,,,,,,,,,,,,,,,,,,,,,,,,,,,,,,,,,,,,,
1817,,,,,,,0.492,,,,,,,,2.306,,,,,,,,,,,,,,,,,,,,,,,,,,,,,,,,,,,,,,,,,,,,,,,,,
1818,,,,,,,0.398,,,,,,,,1.408,,,0.621,,,,,,,,,,,,,,,,,,,,,,,,,,,,,,,,,,,,,,,,,,,,,,
1819,,,,,,,0.37,,,,,,,,1.87,,,0.533,,,,,,,,,,,,,,,,,,,,,,,,,,,,,,,,,,,,,,,,,,,,,,
1820,,,,,,,0.194,,,,,,,,1.062,,,0.48,,,,,,,,,,,,,,,,,,,,,,,,,,,,,,,,,,,,,,,,,,,,,,
1821,,,,,,,0.133,,,,,,,,1.401,,,0.534,,,,,,,,,,,,,,,,,,,,,,,,,,,,,,,,,,,,,,,,,,,,,,
1822,,,,,,,0.156,,,,,,,,0.495,,,0.464,,,,,,,,,,,,,,,,,,,,,,,,,,,,,,,,,,,,,,,,,,,,,,
1823,,,,,,,0.216,,,,,,,,0.813,,,0.409,,,,,,,,,,,,,,,,,,,,,,,,,,,,,,,,,,,,,,,,,,,,,,
1824,,,,,,,0.226,,,,,,,,0.846,,,0.523,,,,,,,,,,,,,,,,,,,,,,,,,,,,,,,,,,,,,,,,,,,,,,
1825,,,,,,,0.214,,,,,,,,1.524,,1.19,0.752,,,,,,,,,,,,,,,,,,,,,,,,,,,,,1.077,,,,,,,,,,,,,,,,,
1826,,,,,,,0.223,,,,,,,,1.795,,0.943,1.105,,,,,,,,,,,,,,,,,,,,,,,,,,,,,1.016,,,,,,,,,,,,,,,,,
1827,,,,,,,0.16,,,,,,,,2.031,,0.756,1.076,,,,,,,,,,,,,,,,,,,,,,,,,,,,,1.244,,,,,,,,,,,,,,,,,
1828,,,,,,,0.133,,,,,,,,2.045,,0.92,1.348,,,,,,,,,,,,,,,,,,,,,,,,,,,,,1.791,,,,,,,,,,,,,,,,,
1829,,,,,,,0.217,,,,,,,,1.889,,0.839,1.44,,,,,,,,,,,,,,,,,,,,,,,,,,,,,2.005,,,,,,,,,,,,,,,,,
1830,,1.198,,,,,0.108,,,,,,,,1.83,,1.025,1.459,,,,,,,,,,,,,,,,,,,,,,,,,,,,,2.356,,,,,,,,,,,,,,,,,
1831,,1.063,,,,,0.256,,,,,,,,1.162,,1.172,0.835,,,,,,,,,,,,,,,,,,,,,,,,,,,,,2.325,,,,,,,,,,,,,,,,,
1832,,0.646,,,,,0.416,,,,,,,,1.09,,0.438,1.013,,,,,,,,,,,,,,,,,,,,,,,,,,,,,2.667,,,,,,,,,,,,,,,,,
1833,,0.877,,,,,0.4,,,,,,,,1.469,,0.424,0.528,,,,,,,,,,,,,,,,,,,,,,,,,,,,,2.764,,,,,,,,,,,,,,,,,
1834,,1.519,,,,,0.448,,,,,,,,1.798,,0.373,0.473,,,,,,,,,,,,,,,,,,,,,,,,,,,,,2.792,,,,,,,,,,,,,,,,,
1835,,0.947,,,,,0.658,,,,,,,,1.145,,0.376,0.367,,,,,,,,,,,,,,,,,,,,,,,,,,,,,3.045,,,,,,,,,,,,,,,,,
1836,,1.041,,,,,0.573,,,,,,,,1.438,,0.221,0.659,,,,,,,,,,,,,,,,,,,,,,,,,,,,,2.104,,,,,,,,,,,,,,,,,
1837,,1.103,,,,,0.786,,,,,,,,1.33,,0.322,0.533,1.234,,,,,,,,,,,,,,,,,,,,,,,,,,,,1.375,,,,,,,,,,,,,,,,,
1838,,1.142,,,,,0.297,,,,,,,,1.284,,0.572,0.386,0.485,,,,,,,,,,,,,,,,,,,,,,,,,,,,1.668,,,,,,,,,,,,,,,,,
1839,,1.235,,,,,0.633,,,,,,,,1.155,,0.332,0.628,0.578,,,,,,,,,,,,,,,,,,,,,,,,,,,,2.026,,,,,,,,,,,,,,,,,
1840,,1.283,,,,,0.205,,,,,,,,1.081,,0.275,0.622,0.63,,,,,,,,,,,,,,,,,,,,,,,,,,,,2.298,,,,,,,,,,,,,,,,,
1841,,1.352,,,,,0.168,,,,,,,,1.025,,0.324,0.568,0.892,,,,,,,,,,,,,,,,,,,,,,,,,,,,1.728,,,,,,,,,,,,,,,,,
1842,,1.629,,,,,0.189,,,,,,,,0.964,,0.478,0.573,0.584,,,,,,,,,,,,,,,,,,,,,,,,,,,,1.606,,,,,,,,,,,,,,,,,
1843,,1.193,,,,,0.174,,,,,,,,0.877,,0.653,0.84,0.602,,,,,,,,,,,,,,,,,,,,,,,,,,,,1.815,,,,,,,,,,,,,,,,,
1844,,1.162,,,,,0.332,,,,,,,,0.795,,0.524,0.841,0.493,,,,,,,,,,,,,,,,,,,,,,,,,,,,1.525,,,,,,,,,,,,,,0.404,,,
1845,,0.706,,,,,0.16,,,,,,,,0.875,,0.524,0.79,0.968,,,,,,,,,,,,,,,,,,,,,,,,,,,,1.667,,,,,,,,,,,,,,0.452,,,
1846,,0.685,,,,,0.15,,,,,,,,1.741,,0.696,1.081,0.45,,,,,,,,,,,,,,,,,,,,,,,,,,,,1.946,,,,,,,,,,,,,,0.386,,,
1847,,0.686,,,,,0.191,,,,,,,,1.393,,0.78,0.487,0.509,,,,,,,,,,,,,,,,,,,,,,,,,,,,2.224,,,,,,,,,,,,,,0.287,,,
1848,,1.021,,,,,0.24,,,,,1.36,,,2.2,,0.748,0.808,0.646,,,,,,,,,,,,,,,,,,,,,,,,,,,,1.709,,,,,,,,,,,,,,0.316,,,
1849,,1.243,,,,,0.159,,,,,1.015,,,1.697,,0.836,0.791,0.518,,,,,,,,,,,,,,,,,,,,,,,,,,,,1.977,,,,,,,,,,,,,,0.304,,,
1850,,1.356,,,,,0.141,,,,,1.189,,,1.53,,0.502,0.837,0.46,,,,,,,,,,,,,,,,,,,,,,,,,,,,1.641,,,,,,,,,,,,,,0.26,,,
1851,,1.533,,,,,0.202,,,,,0.869,,,1.577,,0.427,0.654,0.149,,,,,,,,,,,,,,,,,,,,,,,,,,,,1.643,,,,,,,,,,,,,,0.254,,,
1852,,0.924,,,,,0.236,,,,,0.967,,,1.444,,0.389,0.953,0.537,,,,,,,,,,,,,,,,,,,,,,,,,,,,2.235,,,,,,,,,,,,,,0.23,,,
1853,,0.648,,,,,0.273,,,,,0.825,,,1.66,,0.536,1.008,0.237,,,,,,,,,,,,,,,,,,,,,,,,,,,,2.142,,,,,,,,,,,,0.884,,0.388,,,
1854,,1.024,,,,,0.183,,,,,0.729,,,1.744,,0.389,0.468,0.195,,,,,,,,,,,,,,,,,,,,,,,,,,,,3.873,,,,,,,,,,,,0.571,,0.331,,,
1855,,0.987,,,,,0.199,,,,,0.858,,,1.398,,0.385,0.528,0.177,,,,,,,,,,,,,,,,,,,,,,,,,,,,2.213,,,,,,,,,,,,0.78,,0.736,,,
1856,,0.819,,,,,0.208,,,,,0.852,,,1.864,,0.46,0.407,0.154,,,,,,,,,,,,,,,,,,,,,,,,,,,,2.239,,,,,,,,,,,,1.589,,0.573,,,
1857,,0.824,,,,,0.189,,,,,0.51,,,0.997,,0.414,0.473,0.136,,,,,,,,,,,,,,,,,,,,,,,,,,,,2.247,,,,,,,,,,,,1.1,,0.72,,,
1858,,0.592,,,,,0.177,,,,,0.653,,,1.187,,0.493,0.457,0.429,,,,,,,,,,,,,,,0.427,,,,,,,,,,,,,2.112,,,,,,,,,,,,1.089,,0.624,,,
1859,,1.595,,,,,0.142,,,,,0.626,,,1.641,,0.266,0.397,0.375,,,,,,,,,,,,,,,0.49,,,,,,,,,,,,,1.672,,,,,,,,,,,,1.111,,0.305,,,
1860,,1.388,,,,,0.185,,,,,0.559,,,2.045,,0.25,0.242,0.301,,,,,,,,,,,,,,,0.489,,,,,,,,,,,,,1.609,,,,,,,,,,,,1.951,,0.242,,,
1861,,0.931,,,,,0.143,,,,,0.577,,,1.447,,0.623,0.325,0.418,,,,,,,,,,,,,,,0.867,,,,,,,,,,,,,1.561,,,,,,,,,,,,1.559,,1.245,,,
1862,,0.941,,,,,0.076,,,,,0.496,,,1.998,,0.215,0.397,0.331,,,,,,,,,,,,,,,1.084,,,,,,,,,,,,,1.394,,,,,,,,,,,,1.705,,1.451,,,
1863,,1.472,,,,,0.181,,,,,0.573,,,2.281,,0.494,0.332,0.394,,,,,,,,,,,,,,,0.354,,,,,,,,,,,,,1.161,,,,,,,,,,,,1.894,,1.478,,,
1864,,0.728,,,,,0.385,,,,,0.382,,,2.244,,0.528,0.429,0.236,,,,,,,,,,,,,,,0.42,,,,,,,,,,,,,0.932,,,,,,,,,,,,2.036,,0.899,,,
1865,,0.971,,,,,0.29,,,,,0.409,,,2.779,,0.556,0.291,0.396,,,,,,,,,,,,,,,0.439,,,,,,,,,,,,,1.13,,,,,,,,,,,,1.528,,1.578,,,
1866,,0.761,,,,,0.48,,,,,0.307,,,1.847,,0.218,0.316,0.256,,,,,,,,,,,,,,,0.531,,,,,,,,,,,,,1.227,,,,,,,,,,,,1.681,,1.386,2.169,,
1867,,0.84,,,,,0.203,,,,,0.286,,,2.522,3.488,0.339,0.29,0.275,,,,,,,,,,,,,,,0.596,,,,,,,,,,,,,1.191,,,,,,,,,,,,1.495,,1.194,2.108,,
1868,,0.621,,,,,0.129,,,,,0.311,,,1.942,1.945,0.428,0.318,0.145,,,,,,,,,,,,,,,0.461,,,,,,,,,,,,,1.321,,,,,,,,,,,,1.534,,0.978,2.507,,
1869,,1.284,,,,,0.273,,,,,0.26,,,2.561,2.016,0.229,0.978,0.357,,,,,,,,,,,,,,,0.407,,,,,,,,,,,,,0.937,,,,,,,,,,,,1.421,,1.536,3.283,,
1870,,1.076,,,,,0.14,,,,,0.299,,,1.793,1.876,0.314,0.43,0.314,,,,,,,,,,,,,,,0.446,,,,,,,,,,,,,1.354,,,,,,,,,,,,1.419,,1.194,3.197,,
1871,,0.925,,,,,0.339,,,,,0.362,,,1.898,2.539,0.311,0.663,0.188,,,,,,,,,,,,,,,0.528,,,,,,,,,,,,,1.191,,,,,,,,,,,,1.513,,1.088,2.745,,
1872,,0.874,,,,,0.256,,,,,0.315,,,1.554,2.513,0.61,0.466,0.197,,,,,,,,,,,,,,,0.461,,,,,,,,,,,,,1.077,,,,,,,,,,,,2.568,,0.971,2.77,,
1873,,1.038,,,,,0.222,,,,,0.412,,,1.585,2.23,0.667,0.941,0.088,,,,,,,,,,,,,,,1.193,,,,,,,,,,,,,0.946,,,,,,,,,,,,3.781,,1.292,2.598,,
1874,,1.114,,,,,0.141,,,,,0.295,,,1.806,3.091,0.571,0.962,0.192,,,,,,,,,,,,,,,1.197,,,,,,,,,,,,,0.714,,,,,,,,3.122,,,,2.418,,1.416,2.883,,
1875,,1.128,,,,,0.204,,,,,0.264,,,1.95,3.382,0.387,0.744,0.224,,,,,,,,,,,,,,,1.069,,,,,,,,,,,,,0.771,,,,,,,,3.428,,,,2.043,,1.541,2.721,,
1876,,1.154,,,,,0.269,,,,,0.369,,,2.704,3.457,0.317,0.896,0.372,,,,,,,,,,,,,,,0.86,,,,,,,,,,,,,1.133,,,,,,,,2.517,,,,1.588,,1.415,2.993,,
1877,,0.882,,,,,0.165,,2.291,,,0.29,,,3.119,3.015,0.23,1.273,0.706,,,,,,,,,,,,,2.586,,1.038,,,,,,,,,,,,,1.191,,,,,,,,1.942,,,,1.308,,1.605,3.393,,
1878,,1.087,,,,,0.173,,3.401,,,0.22,,1.38,2.884,3.583,0.515,1.557,0.881,,,,,,,,,,,,,4.122,,1.058,,,,,,,,,,,,,1.164,,,,,,,,2.895,,,,1.057,,1.357,3.265,,
1879,1.632,1.259,,,,,0.099,,1.27,,,0.383,,1.016,3.409,3.816,0.357,1.299,0.905,,,,,,,,,,,,,3.548,,0.965,,,,,,,,,,,,,1.313,,,,,,,,2.418,,,,1.187,,1.321,2.859,,
1880,1.257,1.083,,2.143,,,0.333,,1.752,,,0.397,,0.932,2.83,4.833,0.495,1.058,0.723,,,,,,,,,,,,,3.846,,0.899,,,,,,,,,,,,,1.338,,,,,,,,2.371,,,,2.177,,1.144,3.182,,
1881,1.682,1.149,,2.862,,,0.69,,2.468,,,0.326,,0.625,3.414,4.41,0.473,1.414,0.91,,,,,,,,,,,,,4.4,,1.167,,,,,,,,,,,,,1.013,,,,,,,,1.823,,,,1.675,,1.217,3.687,4.509,
1882,1.306,0.838,,2.314,,,0.632,,2.209,,,0.368,,0.457,2.451,3.561,0.614,0.991,0.793,,,,,,,,,,,,,3.646,,0.87,,,,,,,,,,,,,1.181,,,,,,,,1.567,,,,1.251,,1.064,3.717,3.779,
1883,2.571,1.049,,3.044,,,0.666,,3.231,,,0.224,,0.746,2.32,2.296,0.532,0.9,1.201,,,,,,,,,,,,,4.787,,0.996,,,,,,,,,,,,,1.494,,,,,,,,1.047,,,,1.228,,0.868,3.605,3.35,
1884,2.668,1.137,,2.337,,,0.586,,1.881,,,0.322,,0.932,2.489,3.145,0.538,0.508,1.059,,,,,,,,,,,,,3.856,,1.019,,,,,,,,,,,,,1.247,,,,,,,,1.273,,,,1.658,,0.916,2.806,2.895,
1885,3.385,1.485,,3.315,,,0.35,,2.637,,,0.22,,0.806,2.664,1.776,0.818,0.818,0.937,,,,,,,,,,,,,4.822,,1.226,,,,,,,,,,,,,1.697,,,,,,,,1.344,,,,2.503,,0.97,2.965,3.087,
1886,3.162,1.632,,1.989,,,0.412,,2.267,,,0.232,,0.474,2.418,2.414,0.664,0.601,0.615,,,,,,,,,,,,,3.359,,1.016,,,,,,,,,,,,,2.635,,,,,,,,1.946,,,,2.418,,0.775,1.968,3.286,
1887,2.723,1.311,,2.308,,,0.229,,2.758,,,0.156,,0.628,1.773,1.802,0.409,0.351,0.545,,,,,,,,,,,,,4.102,,0.98,,,,,,,,,,,,,2.157,,,,,,,,2.25,,,,2.291,,0.96,2.24,4.129,
1888,1.803,1.079,,2.085,,,0.269,,2.54,,,0.354,,0.375,1.987,1.728,0.456,0.426,0.792,,,,,,,,,,,,,3.546,,0.969,,,,,,,,,,,,,1.728,,,,,,,,1.856,,,,2.91,,0.926,2.619,4.398,
1889,3.009,1.42,,3.676,,,0.263,,2.145,,,0.444,,0.404,2.302,2.406,0.75,0.484,1.419,,,,,,,,,,,,,5.269,,0.962,,,,,,,,,,,,,1.551,,,,,,,,2.315,,,,2.347,,1.264,3.542,3.691,
1890,2.148,0.901,,2.005,,,0.445,,2.68,,,0.455,,0.319,1.676,2.244,0.495,0.441,0.689,,,,,,,,,,,,,4.763,,1.183,,,,,,,,,,,,,1.812,,,,,,,,1.798,,,,2.414,,1.15,1.77,2.751,
1891,2.843,1.344,,2.222,,,0.233,,1.855,,,0.42,,0.303,2.368,2.002,0.378,0.304,0.784,,,,,,,,,,,,,3.349,,0.998,,,,,,,,,,,,,1.87,,,,,,,,1.948,,,,2.04,,1.22,1.371,2.472,
1892,2.556,1.126,,1.638,,,0.323,,2.793,,,0.297,,0.257,3.012,1.46,0.498,0.49,0.574,,,,,,,,,,,,,2.885,,0.906,,,,,,,,,,,,,1.762,,,,,,,,1.973,,,,2.198,,1.416,1.791,2.776,
1893,1.527,0.904,,1.032,,,0.238,,1.854,,,0.33,,0.366,2.017,1.412,0.527,0.412,0.395,,,,,,,,,,,,,2.885,,1.015,,,,,,,,,,,,,1.087,,,,,,,,1.955,,,,1.856,,0.991,1.51,3.726,
1894,1.785,0.754,,0.697,,,0.458,,2.059,,,0.403,,0.35,2.319,1.038,0.959,0.474,0.19,,,,,,,,,,,,2.938,3.104,,0.636,,,,,,,,,,,,,1.135,,,,,,,,1.514,,,,1.539,,0.887,1.335,2.534,
1895,1.198,0.725,,0.352,,,0.486,,1.688,,,0.29,,0.32,2.042,1.299,0.747,0.361,0.124,,,,,,,,,,,,2.475,2.893,,0.801,,,,,,,,,,,,,1.619,,,,,,,,1.368,,,,1.294,,0.963,1.249,2.032,
1896,2.476,0.734,,1.081,,,1.076,,2.168,1.115,,0.475,,0.279,1.861,1.098,1.132,0.691,0.159,,,,,,,,,,,,2.693,3.702,,0.758,,,,,,,,,,,,,1.426,,,,,,,,1.162,,,,1.324,,0.949,2.05,2.745,
1897,2.307,0.965,,1.552,,,0.515,,2.126,1.588,,0.499,,0.335,1.948,1.274,0.786,0.959,0.152,,,,,,,,,3.118,,,2.55,5.25,,1.663,,,,,,,,,,,,,1.303,,,,,,,,1.417,,,,1.396,,0.882,1.486,2.575,
1898,1.607,0.566,,1.097,,,0.356,,2.694,1.209,,0.278,,0.243,1.564,1.299,0.649,0.887,0.175,,,,,,,,,2.508,,,1.782,3.248,,1.302,,,,,,,,,,,,,1.493,,,,,,,,1.182,,,,1.643,,0.75,1.36,1.921,
1899,2.398,0.892,,0.791,,,0.408,,1.824,1.714,,0.3,,0.269,1.747,1.078,1.024,0.814,0.154,,,,,,,,,3.127,,,1.602,2.925,,1.187,,,,,,,,,2.272,,,,0.89,,,,,,,,1.01,,,,2.19,,0.814,0.993,1.982,
1900,1.789,0.673,,0.834,,,0.644,,2.037,1.118,,0.256,,0.201,1.386,0.982,0.692,0.933,0.286,,,,,,,,,5.598,,,1.598,2.542,,1.153,,,,,,,,,2.124,,,,1.142,,,,,,,,0.868,,,,1.34,,0.773,1.402,1.949,
1901,2.431,0.544,,1.084,,,0.674,2.152,2.502,2.055,,0.263,,0.209,1.365,1.031,0.769,1.042,0.119,,,,,,,,,4.281,,,1.412,2.698,,0.867,,,,,,,,,2.459,,,,0.76,,,,,,,,0.753,,,,1.129,,0.692,1.298,1.87,
1902,2.371,1.368,,3.51,,,0.989,3.075,2.881,2.961,,0.354,,0.226,1.794,1.973,0.839,2.157,0.153,,,,,,,,,4.632,,,2.008,3.986,,0.97,,,,,,,,,1.854,,,,1.618,,,,,,,,2.006,,,,1.926,,1.077,1.067,1.94,
1903,2.618,1.17,,2.638,,,0.597,2.348,2.901,2.687,,0.25,,0.198,2.012,2.159,0.675,1.761,0.166,,,,,,,,,5.847,,,1.798,2.797,,1.44,,,,,,,,,1.286,,,,1.442,,,,,,,,2.317,,,,2.001,,1.234,0.893,1.63,
1904,2.751,1.012,,4.288,,,0.511,2.166,3.479,2.257,,0.207,,0.204,1.889,1.887,0.593,2.349,0.741,,,,,,,,,3.293,,,1.599,3.027,,1.418,,,,,,,,,1.697,,,,1.307,,,,,,,,1.861,,,,2.58,,1.197,1.385,1.623,
1905,2.932,0.748,,4.115,,,0.175,1.475,2.539,2.184,,0.389,,0.205,1.586,1.822,0.531,2.224,1.078,,,,,,,,,4.961,,,1.234,3.077,,1.277,,,,,,,,,1.575,,,,1.559,,,,,,,,2.007,,,,2.93,,1.377,1.207,1.579,
1906,3.092,0.788,,2.602,,,0.192,1.175,2.584,2.4,,0.88,,0.123,1.756,2.095,0.183,1.63,1.54,,,,,,,,,5.343,,,1.227,2.97,,1.429,,,,,,,,,1.38,,,,1.645,,,,,,,,1.991,,,,3.917,,1.545,1.274,1.94,
1907,2.382,0.538,,2.73,,,0.229,1.01,2.106,1.69,,0.993,4.518,0.175,1.403,1.656,0.286,1.009,1.618,,,,,,,,,2.059,,,1.223,1.849,,1.194,,,,,,,,,1.236,,,,0.987,,,,,,,,1.899,,,,3.14,,1.276,1.197,1.785,
1908,2.548,1.167,,2.884,,,0.317,1.159,2.108,1.387,,1.264,6.288,0.189,1.699,2.011,0.355,1.439,1.633,,,,,,,,1.061,3.292,,,1.488,2.269,,0.996,,,,,,,,,1.26,,,5.08,1.432,,,,,,,,2.251,,,,3.745,,0.909,1.676,2.414,
1909,1.982,0.718,,1.367,,,0.414,0.699,1.447,1.323,,1.123,2.953,0.296,1.292,1.75,0.531,0.853,1.153,,,,,,,,0.503,3.456,,,1.451,2.372,,1.038,,,,,,,,,0.556,,,3.823,1.361,,,,,,,,1.744,,,,2.426,,0.852,1.284,1.564,
1910,2.206,0.745,,1.42,,,0.528,0.989,1.268,1.288,,1.14,3.422,0.209,0.959,1.616,0.464,1.243,1.528,,,,,,,,0.603,2.209,,,1.127,2.1,,0.794,,,,,,,,,0.764,,,4.675,1.137,,,,,,,,1.874,,,,1.801,,0.748,1.342,1.696,2.755
1911,1.459,0.615,,1.362,,,0.402,1.247,1.199,1.036,,0.73,2.862,0.32,1.339,1.708,0.411,1.764,1.069,,,,3.606,,,,0.365,3.365,,,1.121,2.386,,1.207,,,,,,,,,0.659,,,5.21,0.819,,,,,,,,1.857,,,,2.039,,1.338,1.148,1.324,3.629
1912,1.666,1.213,,2.102,,,0.74,1.096,1.236,1.005,,1.271,2.508,0.416,2.098,1.526,0.797,1.514,1.595,,,,2.757,,,,1.307,4.723,,,1.275,2.335,,1.288,,,,,,,,,0.476,,,4.535,0.871,,,,,,,,1.865,,,,3.027,,0.929,1.282,1.45,3.154
1913,1.605,0.787,,2.765,,,0.313,0.944,1.437,0.787,,1.109,2.578,0.467,1.627,1.841,0.894,1.555,1.882,,,,2.285,,,,1.572,2.954,,,1.233,2.009,,0.667,,,,,,,,,0.258,,,4.593,0.487,,,,,,,,1.501,,,,2.485,,1.137,1.247,1.851,3.136
1914,1.369,0.69,,1.903,4.641,,0.195,1.212,1.108,0.903,,1.017,2.095,0.581,1.42,1.415,0.309,1.501,1.74,,,,2.49,,,,1.678,1.926,,,1.03,1.853,,0.819,,,,,,,,,0.319,,,5.388,0.967,,,,,,,,1.38,,,,2.365,1.885,0.883,0.646,1.288,2.742
1915,2.281,1.23,,2.583,2.851,,0.193,2.097,1.186,1.002,,1.262,2.224,0.657,1.433,1.713,1.367,2.028,2.888,,,,3.108,,,,1.671,3.734,,,1.37,3.443,,0.92,,,,,,,,,0.222,,,5.458,0.499,,,,,,,,1.454,,,,2.639,2.163,1.161,1.17,1.89,2.909
1916,2.189,0.905,,2.257,2.098,,0.292,1.246,1.554,1.65,,1.158,1.912,0.836,1.696,1.605,1.979,1.992,2.393,,,,2.166,,,,1.768,2.736,,,1.089,3.507,,1.232,,,,,,,,,0.386,,,4.463,0.656,,,,,,,,1.41,,,,2.599,2.162,1.057,0.813,1.446,2.056
1917,2.742,0.82,1.944,2.439,2.37,,0.514,1.186,1.781,2.614,,1.21,2.383,1.001,1.314,1.598,2.73,2.025,2.308,,,,1.78,,,,2.547,1.674,,,0.878,3.206,,0.955,,,,,,,,,0.301,,,4.949,0.458,,,,,,,,1.655,,,,2.875,2.3,1.347,0.743,1.088,2.478
1918,2.376,1.379,1.207,2.041,1.719,,0.444,1.051,1.135,2.964,,1.189,1.832,0.968,1.265,1.155,3.006,2,1.692,,,,2.584,,,,3.551,3.144,,,0.484,2.42,,0.791,,,,,,,,2.17,0.209,,,3.678,0.864,,,,,,,,1.601,,,,2.581,2.375,0.993,0.409,0.888,2.916
1919,2.88,0.772,1.618,1.722,1.946,,0.697,1.743,0.963,3.587,1.492,0.944,1.899,0.937,1.525,1.074,3.145,2.001,1.656,,,,2.328,,,,3.325,3.362,,,0.613,2.163,,0.864,,,,,,,,2.452,0.242,,,3.928,0.7,,,,,,,,1.654,,,,1.853,1.254,1.268,0.497,1.538,2.757
1920,2.385,1.289,2.974,2.447,2.913,,0.658,1.769,0.976,3.174,1.75,0.79,2.232,1.158,1.277,0.959,2.309,2.137,2.628,,,,1.937,,,,3.194,2.003,,,0.604,2.4,,0.787,,,,,,,,3.22,0.346,,,4.449,0.682,,,,,,,,1.321,,,,2.137,1.485,1.291,0.475,0.946,1.685
1921,1.997,0.792,2.091,0.983,2.102,,0.54,2.025,0.873,2.63,1.569,0.675,1.516,1.003,1.298,1.216,3.595,1.467,1.565,,,,1.988,,,,2.335,1.46,,,0.692,2.223,,1.046,,,,,,,,2.833,0.417,,,3.458,0.662,,,,,,,,1.485,,,,1.894,1.324,1.167,0.528,0.885,2.756
1922,2.63,1.079,4.39,1.37,5.429,,0.859,2.3,1.032,2.564,1.836,0.643,1.875,1.393,1.437,0.831,3.948,1.822,3.075,,,,1.208,,,,3.2,2.641,,,0.622,2.159,,0.781,,,,,,,,4.028,0.41,,,3.893,1.217,,,,,,,,1.303,,,,2.491,2.349,1.506,0.787,1.554,2.229
1923,1.976,0.761,3.316,1.29,2.678,,0.889,1.991,0.748,2.543,1.486,0.768,1.346,0.993,1.213,1.19,3.364,1.501,2.405,,,,1.583,,,,3.061,2.305,,,0.839,2.181,,0.911,,,,,,,,3.82,0.733,,,3.055,1.003,,,,,,,,1.156,,,,1.88,2.306,1.268,0.712,1.182,2.298
1924,1.886,0.762,3.752,1.638,3.651,,1.368,2.222,0.803,2.315,1.612,0.78,1.459,1.001,1.084,1.278,1.784,1.676,2.566,,,,1.173,,,,1.981,2.289,,,0.832,2.841,,0.809,,,,,,,,2.7,0.611,,,3.567,0.735,,,,,,,,1.067,,,,1.845,3.267,1.023,0.538,1.221,2.294
1925,2.128,0.981,3.904,1.953,3.482,,1.323,3.179,0.658,2.756,1.821,0.98,1.574,0.668,1.574,2.193,1.858,1.551,2.408,,,,1.33,,,,3.349,2.453,,,0.994,2.325,,0.813,,,,,,,,2.996,0.942,,,3.113,0.703,,,,,,,,1.444,,,,2.118,3.545,1.387,0.576,1.361,2.109
1926,2.578,0.344,3.96,2.254,2.151,,1.329,1.607,0.658,2.122,1.677,1.445,0.667,0.711,1.174,1.523,1.417,0.937,1.848,,2.149,,1.762,,,,1.05,1.573,,,1.258,1.941,,0.852,,,,,,,,2.53,1.79,,,3.187,0.7,,,,,,,,1.164,,,,1.96,2.893,1.083,0.39,1.316,2.611
1927,1.769,0.323,3.073,1.936,2.016,,1.922,2.382,0.883,2.441,2.332,1.113,0.663,0.792,1.377,1.831,1.085,1.383,2.008,,2.304,,2.3,,,,1.382,2.162,,,1.901,2.236,,1.033,,,,,,,,3.522,1.684,,,3.037,0.851,,,,,,,,1.075,,,,2.126,2.617,1.147,0.429,1.235,2.551
1928,1.384,0.41,2.983,1.546,2.979,2.392,2.186,2.475,1.011,2.357,2.875,1.107,0.899,0.695,1.474,1.331,0.947,1.468,1.945,,3.074,,1.492,,,,1.664,2.022,,,1.721,1.913,,0.957,,,,,,,,3.367,1.368,,,2.838,0.521,,,,,,,,1.274,,,,1.861,3.174,1.355,0.383,1.35,2.522
1929,1.052,0.422,2.668,1.928,2.6,2.356,2.636,2.177,0.967,2.316,2.123,1.018,0.899,0.803,1.316,1.734,1.042,1.72,1.668,,2.556,,2.226,,,,2.392,2.024,,,2.488,2.109,,1.379,,,,,,,,2.819,1.326,,,2.258,0.607,,,,,,1.136,,1.389,,,,1.314,2.422,1.77,0.362,1.833,1.927
1930,1.562,0.592,3.622,1.495,3.038,1.904,3.264,1.952,0.861,2.446,2.012,1.14,1.122,0.975,1.142,1.419,1.425,1.736,1.454,,2.173,,2.485,,,,2.465,3.058,,,1.733,1.679,,1.065,,,,,,,,2.691,1.218,,,2.33,0.536,,,,,,0.879,,1.49,,,,1.637,2.477,1.836,0.463,2.524,1.759
1931,1.388,0.569,2.485,0.955,3.024,3.403,3.234,2.275,0.912,2.965,3.224,0.986,1.177,1.168,1.407,1.957,1.909,3.047,1.264,,3.24,,2.047,,,,3.973,3.032,,,2.407,2.276,,1.259,,,,,,,,2.498,1.321,,,2.994,0.7,,,,,,1.72,,1.639,,,,2.047,2.642,1.592,0.432,1.471,1.659
1932,1.624,0.822,2.543,1.109,2.973,2.729,3.366,2.089,0.898,2.25,3.196,0.884,1.021,1.838,1.434,2.303,2.185,2.698,1.414,,3.001,,1.649,,,,4.037,2.322,,,2.952,1.877,,1.288,,,,,,,,2.59,2.056,,,2.635,0.75,,,,,2.461,1.553,,1.433,,,,1.63,2.727,1.737,0.566,1.082,1.936
1933,1.514,0.615,1.82,1.022,2.224,1.727,2.456,1.715,0.728,2.108,3.816,0.84,0.719,2.769,1.265,1.849,2.213,2.288,1.163,,2.829,,1.542,,,,2.548,2.165,,,3.374,1.383,,1.166,,,,,,,,2.678,2.231,,,2.209,0.783,,,,,1.968,2.058,4.262,1.379,,,,1.36,1.957,1.163,0.656,1.3,2.414
1934,1.473,0.633,1.561,0.907,3.394,2.384,3.005,2.659,0.653,1.672,2.462,0.668,0.462,2.086,1.392,1.326,1.953,2.532,1.014,,2.405,,1.042,,,,3.977,2.516,,,2.115,1.426,,1.195,4.78,,,,,,,2.452,2.205,,,2.291,0.878,,,,,1.498,2.735,3.396,1.173,,,,1.317,1.858,1.994,0.547,1.419,2.218
1935,1.941,0.564,2.512,2.408,5.171,3.498,3.638,2.93,0.792,2.806,3.428,0.771,0.882,3.212,1.332,1.678,2.711,3.281,1.739,,3.129,,1.277,,,,3.229,4.499,,,2.606,1.66,,1.391,7.22,,,,,,,3.297,1.505,5.791,,2.97,0.713,,,,,2.774,1.551,5.04,1.81,,,,2.292,1.997,1.758,0.848,1.328,3.504
1936,1.179,0.467,1.099,1.398,2.021,1.861,3.072,1.906,0.399,1.634,1.76,0.897,0.498,1.468,1.111,1.242,2.284,2.495,0.669,,2.239,,1.138,,,,2.477,0.546,,,0.896,1.177,,0.958,1.811,,,,,,,3.129,1.197,5.144,,1.936,0.696,,,,,1.129,2.465,3.45,1.303,,,,2.225,1.388,1.359,0.495,1.338,2.446
1937,1.805,0.727,1.097,1.973,2.307,3.124,3.895,2.611,0.734,2.534,3.724,1.018,0.783,4.012,1.324,1.795,2.607,3.925,0.849,,3.351,,1.462,,,,3.31,0.828,,,0.937,1.089,,1.131,5.119,,,,,,,2.926,1.792,2.863,,3.518,0.881,,,,,2.193,1.939,5.494,1.693,,,,1.682,1.731,2.013,0.834,1.704,2.015
1938,2.421,0.748,2.131,2.876,1.856,2.945,2.968,2.491,0.773,2.926,3.55,1.083,1.461,3.925,1.393,1.231,2.492,4.623,1.411,,4.45,,1.994,,,,4.244,1.691,,,1.079,1.116,,1.222,4.894,,,,,,3.316,3.398,1.976,5.74,,3.24,0.966,,,,,1.149,3.729,4.636,1.538,,,,1.199,2.067,1.539,0.891,1.865,1.007
1939,1.912,1.059,1.935,2.153,2.626,3.756,3.831,2.533,0.592,2.782,2.564,1.266,1.213,3.706,1.17,1.803,2.234,3.659,1.232,,4.35,,1.418,,,,3.678,1.79,,,1.292,1.62,,1.493,5.398,,,,,,3.013,3.93,3.162,5.488,,4.604,0.836,,,,,1.038,2.735,4.096,1.433,,,,1.463,1.835,1.974,1.183,2.018,1.607
1940,2.29,1.193,2.744,3.543,3.452,3.578,3.783,3.127,0.588,2.259,3.39,1.31,1.605,4.46,0.834,1.596,3.115,3.682,1.565,,3.99,,1.39,,,,3.834,1.598,,,1.268,1.378,,1.185,5.179,,,,,,2.847,3.838,3.373,6.267,,5.951,0.801,,,,,2.327,1.817,4.43,1.576,,,,1.373,2.123,2.009,1.083,1.752,2.236
1941,1.665,0.827,1.458,1.596,2.164,2.148,2.635,1.88,0.554,2.102,2.617,1.005,0.89,2.703,0.748,1.28,2.601,2.368,1.071,,3.042,,1.11,,,,3.442,0.551,,,1.256,1.357,,1.214,3.201,,,,,,2.117,3.887,2.462,5.272,,3.608,0.654,,,,,2.273,0.592,3.276,1.463,,,,1.22,1.487,1.783,0.955,1.381,2.128
1942,1.886,0.93,2.403,1.884,2.737,3.017,3.819,2.482,0.889,2.524,3.94,1.217,0.909,3.052,0.961,1.659,2.632,3.735,1.464,,2.884,,1.369,,,,4.64,0.993,,,2.377,1.221,,1.086,4.148,,,,,,3.675,4.577,2.766,6.153,,3.027,0.67,,,,,3.594,0.563,4.187,1.841,,,,1.312,1.781,2.226,1.143,1.596,2.624
1943,1.16,1.073,1.717,2.529,1.74,2.543,3.346,2.403,0.75,2.85,2.791,0.978,1.015,2,0.964,1.748,3.11,3.126,1.322,,2.377,,1.065,,,,3.654,2.41,,,1.844,1.336,,2.019,3.894,,,,,,2.94,4.674,2.696,4.707,,3.775,0.554,,,,,3.062,0.616,2.554,2.087,,,,1.533,2.15,1.714,1.208,1.21,2.026
1944,0.885,1.146,2.084,2.328,2.328,3.52,2.624,2.869,0.634,2.975,2.478,0.956,0.949,2.668,0.796,1.272,2.924,3.493,1.441,,2.04,,0.743,,,,4.403,1.751,,,2.324,1.266,,2.33,4.557,,,,,,3.239,4.037,2.624,4.372,,4.123,0.667,,,,,2.961,0.785,2.322,1.898,,,,1.407,1.888,1.931,0.588,0.963,1.025
1945,1.749,1.094,2.808,2.996,1.443,2.927,2.383,2.939,0.611,3.091,2.792,1.414,1.164,3.128,0.791,1.165,2.05,2.903,1.315,,3.074,,0.894,,,,5.044,2.353,,,1.964,1.146,,2.384,4.668,,,6.542,,,3.16,3.593,1.844,4.789,,3.198,0.659,,,,,3.698,1.125,2.606,1.405,,,,1.182,1.587,1.804,0.452,1.101,1.06
1946,2.309,1.199,2.124,2.591,0.981,3.167,2.829,3.253,1.084,3.507,2.552,1.456,1.26,2.725,1.144,2.099,1.843,2.891,1.181,,4.097,,1.561,,,,4.412,1.578,,,2.4,1.033,,2.08,3.889,,,5.478,,,3.484,4.259,2.477,5.296,,3.003,0.491,,,,,2.927,1.644,2.993,1.479,,,2.325,1.149,1.554,2.062,0.763,1.416,2.085
1947,2.697,1.241,2.579,2.721,1.667,3.422,3.352,3.673,0.923,4.519,2.425,1.759,1.245,2.915,1.038,1.336,1.242,2.909,1.716,,6.026,,1.956,,,,4.469,0.716,,,2.274,1.197,,2.533,6.808,,,7.222,,,4.51,5.641,3.086,5.721,,3.331,0.52,,,,,3.338,2.49,4.846,2.369,,,2.665,1.522,1.973,2.183,0.649,1.125,1.828
1948,1.815,0.979,2.202,2.076,1.806,3.589,2.558,2.671,0.709,3.46,1.635,1.261,0.911,1.626,1.006,1.919,1.384,2.698,0.937,,4.835,,1.414,,,,4.081,1.537,,,1.81,1.092,,1.994,5.664,,,4.179,,,5.104,3.864,2.274,4.602,,2.536,0.296,,,,,2.636,1.94,3.682,1.908,,,2.225,1.387,1.782,1.867,0.424,0.665,1.867
1949,1.712,1.209,1.82,1.856,1.249,2.248,3.004,2.154,0.697,1.551,1.286,0.999,0.646,1.102,0.892,1.374,1.297,2.421,1.07,,5.066,,1.402,,,,3.022,1.611,,,2.549,1.018,,1.655,3.605,,,3.413,,,4.609,3.118,1.866,3.578,,2.754,0.303,,,,,2.465,1.909,3.129,1.663,,8.889,1.892,1.154,1.663,1.263,0.447,0.592,1.147
1950,2.419,1.741,1.976,2.773,2.067,3.903,3.705,2.68,1.241,2.485,2.828,1.07,0.791,1.47,1.346,1.633,1.567,3.16,1.633,,5.587,,1.386,,,,4.072,0.873,,,2.878,1.075,,2.507,5.001,,,5.298,,,6.268,3.784,2.529,4.836,,4.431,0.521,,,,,3.119,1.545,3.246,1.759,,8.967,3.43,1.424,2.008,1.957,0.496,0.735,1.772
1951,2.119,1.356,2.187,2.603,2.597,3.359,4.117,3.018,1.07,2.077,2.123,0.797,0.968,1.397,0.891,2.093,1.24,3.391,1.584,,5.582,,1.182,,,,4.043,2.915,,,3.47,1.22,,2.797,4.935,,,4.813,,,5.592,3.463,2.576,5.01,,4.132,0.299,,,0.149,,3.246,1.705,3.372,1.709,,7.159,2.858,1.656,1.969,1.897,0.401,0.603,1.955
1952,1.355,0.9,1.406,2.137,1.776,2.829,3.062,1.64,0.89,2.169,1.506,0.985,0.888,1.608,1.428,1.398,0.926,2.811,0.891,,2.676,,1.061,,,,3.244,2.814,,,3.716,1.265,,2.056,2.943,,,3.508,,,3.944,2.268,2.257,4.352,,3.418,0.37,,,0.158,,1.537,1.778,2.428,1.559,,9.758,2.222,1.202,1.322,1.39,0.494,0.772,1.816
1953,1.722,0.868,2.204,1.674,2.056,2.805,3.825,2.071,0.959,2.247,2.758,0.865,0.884,1.951,1.455,1.958,1.014,3.588,1.439,,3.158,7.784,1.31,,,,3.412,1.94,,,4.113,1.027,,2.363,3.01,,,3.293,,,4.68,2.394,2.174,3.57,,3.324,0.365,,,0.225,,2.466,2.057,2.887,1.665,,8.72,3.218,1.308,1.335,1.525,0.573,0.943,1.396
1954,1.744,0.945,1.564,1.899,1.726,2.575,2.555,1.596,0.962,2.152,1.812,1.056,1.109,2.322,1.27,1.554,1.385,2.794,1.181,,4.76,6.112,1.253,,,,3.584,1.764,,,4.002,1.143,,2.202,3.252,,,3.259,,,3.512,2.36,3.08,5.043,,2.834,0.309,,,0.232,,1.459,1.686,2.106,1.479,,8.271,3.209,1.177,1.186,1.557,0.411,1.357,1.987
1955,1.572,0.609,1.354,1.785,1.364,2.489,2.171,1.375,0.815,1.556,1.248,1.08,0.85,1.538,1.308,1.584,1.506,2.4,0.965,,5.713,6.652,1.367,,,,3.363,1.412,,,3.702,1.043,,2.075,2.829,,,2.982,,,2.842,1.947,2.702,5.897,,2.189,0.284,,,0.412,,1.287,1.879,2.677,1.506,,8.46,2.875,1.092,1.186,1.457,0.469,1.362,1.233
1956,1.459,0.999,1.608,2.224,2.029,2.931,3.268,2.985,0.924,2.01,2.713,1.301,1.013,2.958,1.409,1.809,2.458,2.849,1.757,,4.678,6.911,1.775,,,,4.31,1.118,,,4.168,0.933,,2.156,3.287,,,2.983,,,4.766,2.394,3.182,5.987,,2.595,0.243,,,0.998,,1.838,2.695,2.667,1.55,,6.896,4.208,1.179,1.265,1.992,0.495,1.644,1.643
1957,2.357,0.796,1.837,3.496,1.896,3.655,2.491,1.796,0.891,1.828,1.984,1.323,1.346,1.956,1.498,1.495,2.486,2.945,1.591,,4.942,5.479,1.778,,,,4.966,2.439,,,2.48,1.174,,1.907,2.836,,,2.324,,,2.924,2.816,3.138,6.072,,2.57,0.423,,,1.286,,2.254,2.783,2.681,1.359,,6.058,3.208,1.553,1.523,2.141,0.487,1.512,1.895
1958,2.881,0.982,1.844,4.169,2.648,4.75,3.84,1.619,1.247,2.886,2.061,1.023,1.901,2.312,1.344,1.571,3.487,2.901,1.809,,5.416,4.63,2.08,,,,4.847,2.805,,,3.771,1.094,1.304,2.373,3.845,,,2.852,,,4.473,3.094,2.891,6.309,,2.523,0.443,,,1.191,,2.368,3.089,3.069,1.494,,6.046,3.959,1.581,1.55,1.706,1.113,0.911,2.052
1959,1.821,0.952,1.654,2.095,1.582,1.138,3.257,1.25,0.887,2.092,1.365,2.553,1.194,1.546,1.37,1.048,2.661,2.316,1.077,,5.764,4.256,1.418,,,,3.103,2.582,,,2.771,0.993,0.851,2.065,3.194,,,1.817,,,3.42,2.211,1.432,4.848,,2.066,0.467,,,0.928,,1.366,1.713,3.085,1.478,,6.805,3.897,1.53,1.301,1.624,1.517,1.999,1.224
1960,2.356,0.828,1.704,2.079,1.611,0.744,2.391,1.594,0.735,2.393,1.986,2.707,1.504,1.879,1.336,1.043,3.113,2.092,1.344,,4.278,4.045,1.746,,,,3.137,1.29,,,3.022,0.805,0.589,1.828,2.942,,,1.515,,,3.524,1.714,1.109,5.167,,2.062,0.626,,,0.359,,1.783,2.44,2.63,1.564,,5.168,4.555,1.216,1.292,1.643,2.295,3.475,1.705
1961,2.424,1.161,2.332,2.623,2.293,0.599,3.159,1.663,1.131,5.078,2.385,4.782,1.954,3.248,1.429,1.551,3.561,2.616,2.12,,5.297,3.939,1.741,,,,4.811,2.346,,,3.835,1.066,2.569,2.1,3.912,,,2.229,,,4.103,2.486,1.132,4.76,,2.859,0.526,,,0.929,,2.104,3.201,2.148,1.954,,5.87,5.455,1.5,1.793,1.909,2.921,4.224,1.663
1962,2.125,0.931,1.523,2.009,1.311,0.529,1.97,1.353,0.962,2.99,1.323,2.52,1.104,2.217,1.421,0.956,3.728,2.073,1.716,,5.069,4.149,1.806,,,,3.855,4.746,,,2.791,0.946,1.343,2.219,3.322,,,1.641,,,3.437,1.9,0.928,4.394,,2.081,0.782,,,0.871,,1.886,2.584,2.63,1.329,,4.8,3.988,1.212,1.658,1.611,2.579,3.742,1.516
1963,1.489,1.227,1.334,1.601,1.109,0.622,2.14,1.503,1.023,3.592,1.473,1.915,0.912,2.441,1.581,1.469,2.433,1.596,1.058,,3.759,2.863,1.278,,,,4.039,1.636,,,3.464,0.792,1.408,2.352,3.928,,,1.767,,,4.181,1.765,0.769,4.64,,2.375,1.09,,,0.906,,1.247,2.659,2.542,1.487,,4.962,4.385,0.691,1.674,1.481,2.568,4.521,1.654
1964,2.179,1.084,1.699,2.034,1.496,0.659,2.061,1.358,0.94,3.292,1.741,2.672,1.268,1.764,1.462,0.923,2.326,1.509,1.691,,3.88,3.585,1.097,,,,2.718,1.205,,,3.466,1.092,1.046,2.23,4.032,,,2.016,,,3.73,2.356,1.37,3.749,,2.755,3.514,,,0.975,,1.113,2.001,2.322,1.444,,4.515,3.828,0.597,1.732,1.74,2.662,4.623,1.672
1965,1.952,1.248,1.291,1.662,0.763,0.618,2.03,0.986,1.093,2.118,1.26,1.463,1.027,1.374,1.119,1.262,1.796,1.637,1.014,2.889,3.499,3.395,1.29,6.425,,,3.489,1.458,,,2.925,0.794,1.057,1.913,2.994,,,1.417,,,2.931,1.595,1.23,3.226,,2.285,2.25,,,0.913,,1.145,3.111,2.084,1.204,,4.525,3.484,0.655,1.599,1.652,2.119,4.298,1.748
1966,1.689,1.086,1.289,1.999,1.085,0.688,2.061,0.996,1.209,1.557,1.434,1.585,1.024,1.448,1.087,0.919,1.978,1.647,1.08,3.906,3.767,4.092,1.178,5.95,,3.013,2.915,0.837,,,2.698,0.776,1.565,2.113,2.717,,,1.434,,,3.058,1.385,1.043,2.923,,1.959,1.464,,,0.782,,1.087,3.401,1.9,1.182,,4.441,4.414,0.678,1.668,1.645,2.863,5.058,1.535
1967,1.746,1.321,1.349,2.001,1.61,0.583,1.931,1.6,1.372,1.738,2.114,1.549,1.681,1.541,1.154,0.685,2.079,2.167,1.072,5.082,3.585,5.151,1.227,6.743,,4.063,3.84,1.449,,,3.194,0.758,2.049,2.275,3.876,,,1.956,,2.81,4.157,1.189,1.004,3.133,,2.943,1.001,,,0.89,,1.104,2.931,1.958,1.259,,4.965,4.523,1.03,1.723,2.057,2.356,4.016,1.836
1968,2.029,1.638,1.896,2.123,2.069,0.868,2.053,1.418,1.295,2.027,1.357,1.994,1.505,1.369,1.4,0.789,2.405,1.79,1.926,5.473,4.245,6.473,1.885,9.947,,3.867,3.265,1.225,,,3.178,0.873,2.191,2.256,4.207,,,1.999,,2.615,3.801,1.756,1.732,3.974,,3.612,1.114,,,1.032,,1.598,3.91,2.069,1.632,,6.458,5.668,1.385,2.369,2.103,2.985,4.223,1.801
1969,2.502,2.011,1.874,3.137,2.057,0.931,2.796,1.517,1.929,1.983,1.666,2.332,1.532,1.811,1.627,1.037,2.934,1.72,2.34,3.409,5.219,7.478,2.39,9.521,,3.65,2.901,1.813,,,3.914,0.85,2.518,2.055,4.157,,,1.781,,2.273,4.01,1.834,2.898,5.635,,3.499,1.25,,,0.602,,2.284,4.724,2.365,1.776,,6.459,7.053,1.126,3.586,2.434,2.679,5.428,2.134
1970,2.226,1.426,1.24,2.861,1.211,1.069,1.876,1.332,1.242,2.01,1.68,2.648,1.457,1.252,1.6,0.971,2.767,0.942,1.861,2.995,4.812,8.487,2.073,8.412,,3.562,3.504,2.905,,,3.354,1.272,1.612,1.765,2.493,,,2.02,,2.861,2.976,1.429,2.299,4.583,,2.156,1.279,,,0.731,,2.075,4.249,2.077,1.546,,6.187,5.215,1.381,4.435,2.081,2.01,5.958,2.789
1971,2.556,1.726,1.448,3.02,1.255,1.037,2.527,1.554,1.564,2.541,1.597,3.522,1.518,1.412,1.908,0.983,2.76,1.159,2.044,5.599,4.731,7.841,2.088,7.968,,3.754,3.776,1.65,3.049,,3.898,1.145,2.034,2.106,2.689,,,2.353,,2.802,4.275,1.875,2.3,3.826,,2.442,1.424,,,1.068,,1.89,3.867,2.5,1.6,,5.261,4.818,1.201,4.583,2.152,2.13,5.327,2.543
1972,3.032,1.841,1.589,2.658,2.309,1.58,1.819,1.699,1.569,2.195,1.692,2.427,1.804,1.284,1.793,1.548,2.276,1.076,2.203,6.2,4.809,8.256,2.012,8.604,,4.191,3.475,1.287,2.547,,3.6,0.818,1.856,1.637,3.685,,,2.37,,3.408,3.956,1.557,2.75,3.675,2.222,2.607,1.256,,,1.246,,1.841,3.51,2.981,1.511,,4.57,4.081,1.182,3.876,2.731,2.554,4.707,2.633
1973,1.77,1.62,1.256,2.385,1.26,1.304,1.239,1.472,1.651,1.88,1.309,2.652,1.504,1.014,1.969,0.747,2.336,0.999,1.318,3.421,3.094,6.624,2.016,6.41,,3.619,3.26,2.123,2.281,,2.904,0.926,1,1.858,3.242,5.478,,1.645,,4.46,2.805,1.34,2.29,3.386,1.722,2.572,0.907,,,0.81,,1.438,3.142,2.275,1.429,,4.499,3.854,1.174,3.423,2.249,2.262,4.786,2.225
1974,3.058,1.677,1.859,2.603,1.816,1.016,1.683,1.376,1.281,2.133,1.855,3.077,1.551,1.147,1.74,1.096,2.158,1.043,1.687,4.583,4.677,7.577,2.282,7.566,,4.062,3.104,1.778,2.247,,3.492,0.852,1.447,1.894,3.445,4.817,,1.647,,6.004,2.983,1.443,2.682,2.548,3.073,2.186,0.917,,,0.982,,1.589,2.698,3.185,1.562,,4.236,4.142,1.021,3.144,2.427,2.35,4.9,3.326
1975,2.441,1.449,1.652,3.482,2.192,1.489,1.712,1.502,1.5,2.352,1.598,2.967,1.503,1.424,2.016,1.066,2.338,1.187,1.785,4.423,4.254,6.549,2.129,6.481,,3.262,3.771,2.101,3.484,,4.059,0.872,1.494,2.181,3.908,3.976,,1.677,,6.057,4.618,1.539,2.787,2.759,3.061,2.997,1.319,,,2.075,,1.873,2.88,3.421,1.04,,4.335,3.818,0.987,3.15,2.235,1.981,4.306,3.612
1976,3.116,1.4,1.928,3.527,1.88,2.847,1.4,1.354,1.435,2.269,1.469,3.063,1.952,1.281,1.653,1.377,2.121,0.875,1.681,3.625,4.513,6.805,1.686,6.703,,3.444,2.434,3.656,3.78,,3.701,0.572,1.483,1.885,4.233,3.536,,1.767,,6.675,3.447,1.345,2.55,3.233,3.404,2.576,0.813,,,4.01,,1.529,3.182,2.636,1.117,,3.854,3.487,1.011,2.32,2.842,1.917,4.355,2.856
1977,1.986,1.197,1.496,2.231,1.616,1.21,3.18,1.657,2.129,2.651,1.243,2.648,1.582,1.395,2.032,1.135,2.018,0.779,1.251,2.814,4.605,6.657,2.018,5.211,,3.788,3.815,2.025,2.764,,3.418,0.645,1.67,2.309,3.921,4.589,,2.34,,4.151,3.747,1.652,3.497,3.276,2.34,2.755,0.92,,,6.299,,0.916,4.017,2.543,1.108,,4.311,4.182,1.491,2.159,1.985,1.91,4.605,3.406
1978,2.252,1.226,1.158,1.783,1.396,1.371,2.28,1.4,1.978,2.453,1.389,3.233,1.3,1.201,1.618,1.514,2.095,0.962,1.357,2.943,5.346,6.267,1.895,4.379,6.025,2.846,2.449,1.721,3.395,,3.54,0.746,1.315,2.296,2.826,2.868,,2.32,,3.407,3.696,1.837,3.662,2.657,1.921,2.857,1.054,,3.098,5.474,,1.262,4.105,2.718,1.272,10.282,4.813,3.73,1.307,1.756,2.332,1.891,4.162,2.705
1979,2.573,1.577,1.536,2.652,2.182,2.297,1.688,1.148,1.775,2.647,1.412,2.832,1.348,1.173,1.575,1.075,2.34,1.484,1.715,4.038,5.094,7.457,2.189,5.643,7.086,3.429,2.447,1.396,5.233,,3.77,0.89,1.242,1.704,4.212,3.026,,1.654,,5.353,2.941,1.665,3.551,2.959,2.886,3.622,1.207,,2.642,5.302,,1.589,4.281,2.839,1.406,12.806,4.904,3.603,1.08,1.377,2.378,1.96,4.73,3.719
1980,3.278,2.314,1.625,3.702,2.337,1.828,3.805,1.217,2.519,2.252,1.315,3.196,2.034,1.39,1.725,2.052,3.429,2.085,2.182,2.83,6.267,8.659,2.092,7.092,8.483,4.049,3.83,2.147,4.308,,4.281,0.721,1.701,1.821,4.568,3.612,,2.333,,7.113,3.108,1.945,4.082,3.305,4.096,4.431,1.656,,2.762,6.395,,1.957,4.693,3.704,1.701,10.046,4.641,4.207,0.896,1.377,2.425,2.491,4.842,4.118
1981,2.285,1.124,1.186,2.314,1.913,1.884,3.416,1.593,1.108,2.208,1.311,2.316,1.812,1.367,1.25,0.927,3.307,1.637,1.609,2.342,4.811,7.032,1.611,5.535,8.749,3.85,2.145,2.696,5.105,,4.226,0.803,1.552,1.64,3.085,4.113,,1.805,,7.2,3.064,1.882,2.874,2.596,3.693,4.057,1.114,,3.782,5.879,,1.51,4.553,3.703,1.671,7.1,3.703,3.363,0.968,1.115,2.32,2.387,4.41,3.588
1982,2.532,1.319,2.26,2.233,2.131,2.356,3.841,0.919,1.323,1.966,1.716,2.635,1.717,1.567,1.268,1.154,3.296,2.041,2.125,3.302,5.412,7.37,2.119,4.907,7.101,3.633,2.864,2.057,5.654,,3.384,0.831,1.435,2.117,3.65,4.296,,1.985,,5.868,3.197,1.827,3.176,2.576,4.132,4.295,1.14,,4.085,5.476,,1.701,4.685,3.797,1.98,6.479,4.402,3.685,1.013,0.74,2.334,2.705,3.82,4.187
1983,2.141,1.245,1.761,2.036,1.518,1.759,4.123,0.943,1.743,1.917,1.028,2.778,1.47,1.43,1.115,1.086,5.166,1.405,1.173,3.152,6.735,6.627,2.435,4.059,10.534,2.974,2.446,2.311,4.305,,3.912,0.878,1.226,1.392,2.997,2.948,,1.625,,5.244,2.184,1.227,2.842,2.053,4.605,3.496,1.179,,4.744,2.291,,1.542,5.931,2.828,1.958,9.498,3.895,3.543,0.813,0.907,1.618,2.204,4.345,3.864
1984,1.905,1.216,1.931,2.672,1.553,1.512,3.842,1.234,1.337,2.013,0.76,2.669,1.641,1.283,1.528,1.259,4.602,1.65,1.414,2.518,5.794,6.091,1.935,3.089,6.679,3.828,2.187,1.689,4.894,,3.932,0.467,1.122,1.101,3.47,3.476,,1.565,,4.593,2.538,1.177,2.614,2.432,3.787,2.888,1.324,,4.909,3.312,,1.602,5.041,2.912,1.807,8.406,3.617,2.977,0.979,1.071,2.02,3.053,3.533,3.371
1985,1.938,1.276,2.262,2.377,1.909,1.8,3.147,0.743,1.245,1.816,1.292,2.259,1.59,1.02,1.414,0.995,4.757,1.121,1.867,3.636,4.781,4.718,1.873,4.089,5.792,3.806,2.923,1.449,5.141,,2.633,0.649,1.326,1.775,3.634,1.896,,1.811,,3.97,2.436,1.263,2.391,2.123,3.783,2.176,1.263,,4.751,2.837,,1.565,4.588,2.919,1.924,7.906,3.532,3.572,1.575,1.035,1.486,2.235,3.48,3.774
1986,2.701,1.456,1.778,2.582,1.219,1.057,3.78,0.567,0.87,1.017,1.483,2.727,2.192,0.658,1.353,1.43,5.016,1.845,1.304,3.785,5.996,5.539,2.149,5.181,7.573,5.102,2.951,1.266,5.854,,2.497,0.571,0.776,1.909,2.392,0.905,,2.014,,7.415,3.156,0.782,1.641,1.566,5.546,1.135,1.018,,6.801,1.137,9.489,1.425,5.287,3.452,1.964,8.855,3.63,3.782,1.266,1.345,1.983,2.631,3.141,3.566
1987,2.496,0.892,0.875,2.031,0.896,0.969,2.172,0.591,0.637,1.516,1.295,2.884,0.97,0.91,1.491,1.203,4.022,2.025,0.914,1.958,7.02,5.877,2.183,4.177,5.979,4.595,2.618,0.726,6.464,,3.547,0.55,1.71,1.895,3.442,1.297,,1.938,5.652,7.729,2.827,0.696,1.326,2.175,5.52,2.589,1.076,,7.437,2.354,7.763,1.278,4.691,2.637,1.977,9.232,4.044,3.594,0.932,1.246,1.333,1.765,2.586,2.819
1988,2.04,0.685,0.781,1.726,0.969,0.893,3.092,0.761,1.227,1.307,1.002,2.343,0.985,0.873,1.732,1.217,4.156,2.32,0.727,1.964,6.427,5.981,2.219,2.839,5.191,4.265,2.351,1.822,4.103,,4.349,0.734,1.837,1.656,2.984,1.282,4.554,1.67,4.836,5.555,1.556,0.983,2.897,2.155,4.822,3.001,1.398,,6.025,3.683,7.553,1.078,5.821,2.576,1.835,8.598,3.426,2.638,1.036,1.179,1.508,2.074,3.318,3.721
1989,2.288,0.829,0.959,1.891,1.667,1.68,2.88,1.136,1.711,1.998,1.405,2.243,0.91,1.688,1.679,1.306,4.098,2.497,1.406,2.669,5.41,4.798,2.369,2.102,4.959,5.066,2.43,2.038,5.445,,4.135,0.849,2.234,1.661,3.511,2.773,4.045,1.843,5.599,5.485,2.074,1.055,2.575,1.885,5.525,4.737,1.41,,6.94,6.87,11.916,1.508,4.817,3.451,1.715,9.448,3.854,2.597,1.039,1.163,2.049,2.492,2.722,3.034
1990,2.551,0.546,1.097,2.137,1.629,1.335,2.916,1.636,1.373,1.739,1.466,1.695,0.927,1.345,1.673,0.594,4.243,1.961,0.983,3.066,4.711,4.316,2.454,1.804,4.764,3.529,2.328,3.795,4.997,,2.754,0.717,2.083,1.44,3.92,3.265,3.138,2.197,5.007,2.47,1.809,1.014,2.234,1.446,4.644,4.991,1.208,8.177,6.49,6.676,13.387,1.175,3.558,2.403,1.437,8.615,3.465,2.567,0.998,1.013,2.036,2.49,3.103,2.904
1991,0.949,0.736,1.129,2.023,1.139,0.877,2.731,0.998,0.837,1.351,0.855,1.516,0.721,1.045,1.053,0.503,1.46,1.239,0.557,3.849,3.885,3.617,1.494,1.501,3.217,3.629,1.354,3.289,4.039,,3.238,0.777,2.968,1.41,2.251,2.865,3.231,2.19,7.025,2.939,1.795,0.964,2.576,1.183,3.944,3.337,1.112,3.737,4.379,4.872,12.307,0.772,2.951,2.477,1.655,7.056,2.427,2.699,0.949,0.843,0.893,1.73,3.283,1.399
1992,0.714,1.043,1.484,2.806,3.29,1.846,3.463,1.477,1.928,1.831,1.644,1.824,1.864,1.319,0.994,0.261,2.363,2.625,0.62,4.506,4.403,4.378,2.004,3.934,4.835,4.903,2.323,1.365,7.533,3.134,3.139,0.861,4.054,1.421,2.737,4.442,7.877,2.862,5.251,3.247,3.21,1.217,2.39,1.309,5.39,3.931,1.529,4.796,6.715,6.2,11.663,1.32,3.748,4.096,1.752,7.122,3.67,2.973,1.177,1.084,1.558,1.906,3.711,1.965
1993,0.935,1.083,1.493,2.71,2.078,1.457,3.879,1.414,1.787,1.392,1.727,2.048,1.58,1.298,0.997,0.454,3.563,2.133,1.042,3.139,3.715,4.248,2.265,4.332,5.949,3.812,2.307,0.937,5.736,1.544,3.398,0.92,4.009,1.863,3.705,3.67,5.936,2.993,6.096,2.848,2.303,1.125,2.499,1.445,5.344,4.23,1.685,4.135,5.726,6.574,10.511,1.679,4.794,3.286,1.958,7.495,3.453,3.148,0.961,1.107,1.429,1.5,3.507,2.748
1994,0.945,1.147,1.131,2.484,1.783,1.566,3.317,1.649,2.02,1.718,1.284,2.181,1.366,1.319,1.072,0.457,2.712,2.199,0.914,3.482,3.331,5.081,2.012,3.426,5.889,4.373,1.947,0.751,6.094,1.783,3.281,0.876,4.862,1.948,2.892,3.508,6.72,2.979,5.594,3.909,3.023,1.5,2.232,1.68,4.984,3.797,1.555,3.568,6.226,5.748,9.395,1.546,4.118,2.394,1.823,7.113,3.072,2.432,1.498,1.225,1.685,2.356,3.635,2.784
1995,1.862,1.924,2.22,2.813,1.447,2.044,2.679,1.552,2.169,1.668,1.329,1.848,1.519,1.375,1.344,0.327,3.38,2.444,0.902,5.347,4.07,5.484,2.213,4.413,5.404,3.627,2.036,0.941,5.776,2.274,4.271,0.928,5.304,1.417,2.762,3.691,8.204,2.4,6.523,6.84,3.52,1.126,2.312,1.02,5.221,3.33,1.771,2.53,5.932,5.108,9.66,1.795,3.442,2.977,2.037,7.664,3.104,3.929,1.351,2.333,1.711,1.918,3.31,2.179
1996,2.19,1.663,2.278,1.844,1.377,2.728,2.315,2.236,1.527,1.403,1.161,2.654,1.569,1.554,1.134,0.287,2.951,2.542,0.919,5.093,4.454,5.883,2.826,4.194,6.086,4.433,1.518,1.068,6.613,3.702,3.671,0.811,5.007,1.354,2.32,3.801,11.13,2.114,6.226,3.04,3.25,1.191,2.758,1.729,5.172,3.537,1.773,2.133,7.065,4.558,9.119,2.219,4.85,3.75,2.112,5.92,3.016,3.426,1.619,1.983,1.892,1.722,2.652,2.53
1997,1.444,1.661,1.512,2.244,1.147,2.871,1.951,1.896,1.832,1.508,1.315,2.132,1.139,1.41,1.272,0.337,3.484,2.292,1.129,3.902,3.466,4.393,1.914,2.823,5.371,3.302,1.831,0.833,5.692,2.979,3.108,0.876,4.733,1.527,3.002,3.46,8.637,2.104,5.631,3.276,3.342,1.17,2.43,1.484,5.282,3.66,1.943,3.191,7.505,4.266,8.039,1.467,4.713,3.335,2.147,4.108,3.649,3.077,0.807,1.106,1.419,1.917,2.311,2.516
1998,1.629,2.051,2.113,3.053,1.683,3.46,2.436,1.84,1.826,1.702,1.016,2.202,1.91,1.329,1.309,0.339,4.255,3.602,2.01,3.788,4.39,5.137,1.946,3.317,8.501,4.079,1.66,0.641,7.576,4.221,2.59,0.812,6.852,1.609,3.042,4.148,11.878,3.206,6.941,5.152,4.693,1.366,1.918,1.836,7.093,3.792,2.173,3.574,8.859,6.883,9.669,1.496,6.131,4.076,2.212,6.018,4.461,4.568,1.02,1.242,1.256,2.082,2.882,2.684
1999,1.191,1.693,1.816,1.731,0.927,2.157,2.375,1.531,1.791,1.221,0.828,2.005,1.031,1.009,1.172,0.372,3.15,2.055,1.014,2.33,3.831,4.603,1.847,2.738,6.815,2.83,1.069,0.671,5.546,2.746,3.461,1.037,4.553,1.491,3.499,3.751,6.383,2.419,6.165,4.132,3.095,1.015,1.532,1.422,4.355,3.052,2.117,2.623,7.036,3.066,4.485,1.145,5.564,2.943,1.612,4.861,3.148,3.095,0.921,0.997,0.66,1.288,2.392,2.111
2000,1.788,2.74,2.44,2.492,1.22,1.984,3.037,2.062,2.551,1.779,1.483,2.42,1.538,1.361,1.258,0.487,4.79,2.817,1.738,4.739,3.967,5.129,3.115,3.811,8.869,4.837,2.387,0.407,6.015,3.708,3.315,0.971,6.804,1.512,4.083,4.381,10.955,2.868,6.063,4.888,3.817,1.322,1.704,1.502,5.602,1.916,2.891,3.708,7.749,3.348,4.795,0.941,6.628,4.296,2.192,4.945,4.279,2.79,0.94,0.774,1.03,1.991,3.011,3.406
2001,1.594,1.417,2.024,1.968,0.982,2.404,2.25,1.74,1.366,1.363,1.226,1.721,1.456,0.922,1.414,0.676,3.327,1.897,1.389,2.921,4.049,4.435,2.367,2.895,6.882,3.93,2.278,0.694,5.58,3.05,3.051,1.241,4.994,1.752,3.331,3.993,9.655,2.101,6.761,2.84,2.251,1.102,2.774,1.45,4.834,2.205,2.186,3.415,6.524,3.372,4.289,0.972,5.246,3.154,2.043,3.936,3.453,2.255,1.012,0.64,1.303,2.063,2.754,2.525
2002,1.657,1.238,1.269,1.912,0.905,2.265,2.166,1.661,1.26,1.759,1.344,2.255,1.234,1.253,0.886,0.318,1.919,2.219,1.745,3.599,3.736,4.836,2.004,1.921,5.547,4.715,3.102,0.635,5.759,3.777,3.689,0.876,6.174,1.624,3.069,3.549,9.447,2.712,7.844,4.021,2.606,1.142,3.297,1.495,6.279,3.235,2.518,6.019,6.975,3.758,6.243,1.023,4.037,3.109,1.75,4.665,3.854,2.773,1.01,0.865,1.193,1.956,3.62,3.354
2003,1.141,0.812,1.451,1.181,0.717,2.34,1.876,1.074,0.859,1.803,0.75,1.793,1.169,0.895,0.82,0.343,2.874,2.383,1.131,3.355,3.889,4.122,2.066,2.428,4.974,5.928,2.049,0.603,7.017,3.694,2.42,0.711,6.595,1.157,3.394,3.49,9.193,3.944,7.432,4.719,2.861,0.956,2.449,1.094,7.175,3.272,2.08,6.643,7.136,3.682,5.436,0.91,2.447,3.423,1.721,4.968,3.383,2.106,0.928,0.672,0.905,2.318,3.011,2.605
2004,1.768,1.7,1.426,0.886,0.964,2.522,2.187,1.4,1.019,1.76,0.882,2.135,1.814,0.856,1.136,0.529,3.72,2.138,1.902,4.07,4.929,4.701,2.845,2.933,3.795,6.484,2.459,1.229,7.492,3.223,3.473,0.801,6.821,1.427,3.413,4.323,10.154,4.366,6.266,3.762,2.954,1.085,2.838,1.308,9.252,4.1,2.93,5.082,9.142,4.845,4.65,1.677,4.305,3.659,2.033,4.694,4.023,2.467,1.246,0.911,1.096,1.816,2.371,2.606
2005,1.684,1.241,1.098,1.01,0.672,2.033,1.961,1.404,1.126,1.478,0.699,2.053,1.402,1.208,1.127,0.528,3.107,2.147,1.12,3.14,3.616,4.543,2.087,2.066,2.416,5.136,1.835,0.938,6.552,2.941,3.518,0.727,6.512,1.864,2.529,4.047,8.762,3.104,6.976,3.978,3.458,1.325,2.854,1.532,6.707,3.749,2.432,4.531,7.081,5.356,4.262,1.258,3.859,2.973,2.446,4.734,3.372,3.903,0.984,0.87,0.997,1.206,1.756,2.191
2006,2.026,1.37,1.544,1.069,1.035,2.566,2.162,1.636,1.319,1.415,0.893,1.881,1.491,1.416,1.049,0.765,1.91,2.327,1.351,3.516,3.88,4.565,1.977,4.252,2.65,6.238,1.618,1.417,7.348,3.141,3.664,0.771,8.797,1.592,1.964,3.709,10.366,3.524,7.032,4.866,3.295,1.226,3.837,1.655,7.692,2.887,2.925,5.126,5.943,5.807,4.182,1.131,3.455,2.829,2.185,4.638,4.09,3.964,1.308,1.073,1.083,0.846,1.382,1.927
2007,1.556,1.409,1.919,1.365,0.821,2.497,2.138,1.397,1.439,1.201,0.952,1.349,1.587,1.216,1.246,0.774,2.448,2.328,1.291,3.751,3.759,3.802,2.129,4.996,2.009,5.146,2.103,1.145,5.262,2.73,2.953,0.753,6.974,1.614,1.479,3.601,6.559,2.527,5.876,3.11,2.642,0.959,3.433,2.661,5.683,2.443,2.386,3.785,7.137,5.32,3.845,0.952,3.854,2.955,2.711,3.531,3.153,2.568,1.18,1.062,1.16,1.157,1.856,2.109
2008,1.513,1.453,1.893,1.328,1.323,3.228,1.512,0.623,1.129,1.136,1.055,1.763,2.237,1.701,1.121,0.649,2.675,1.589,1.489,3.019,4.085,4.013,2.132,5.445,3.11,6.709,2.215,1.489,6.426,2.924,2.936,0.884,8.128,1.641,1.641,3.143,7.044,2.913,5.993,3.506,2.872,0.71,3.591,1.396,6.378,2.46,1.991,4.354,7.211,4.297,2.928,1.206,4.221,3.3,2.097,3.642,3.737,3.415,1.153,0.901,1.086,1.312,2.266,2.391
2009,2.264,1.947,2.863,2.388,1.494,3.079,2.307,2.099,1.746,1.241,0.927,2.166,2.888,1.49,1.546,1.634,3.349,1.727,2.382,4.851,6.065,6.017,3.029,5.073,3.857,6.805,2.479,2.177,8.07,3.616,3.476,1.045,7.159,1.639,2.052,4.062,8.441,4.282,5.633,4.298,3.014,0.752,3.974,1.801,7.438,3.768,2.659,5.658,7.281,5.405,3.628,1.662,5.507,3.446,2.278,4.765,5.099,5.278,1.523,1.043,1.784,1.531,3.146,2.475
2010,1.909,0.819,2.091,1.659,1.038,2.69,1.801,1.479,1.138,1.262,1.008,1.788,2.406,1.296,1.314,0.689,2.878,2.283,2.336,3.961,5.188,4.039,2.124,2.471,3.83,5.076,2.935,2.158,7.733,3.13,3.508,1.11,8.816,1.335,1.905,3.856,5.792,3.344,6.932,6.565,2.676,0.81,3.519,1.375,7.916,3.716,2.083,4.827,4.646,3.88,2.675,1.141,3.913,1.977,2.428,4.597,4.128,5.419,1.303,1.031,1.103,1.509,2.642,3.114
2011,1.678,0.848,1.53,1.965,1.269,2.755,2.131,2.064,1.603,1.009,1.11,1.985,2.017,1.306,1.362,1.098,3.202,1.778,1.493,2.985,3.767,3.95,2.501,2.191,4.042,5.142,2.17,2.212,5.747,3.772,3.142,0.99,9.121,1.578,1.764,3.768,5.198,2.486,5.039,4.133,2.571,0.93,3.52,1.139,5.194,2.917,2.481,3.936,7.063,3.07,3.135,0.914,3.388,2.438,2.656,3.845,3.317,3.836,1.322,1.169,1.671,1.368,2.509,2.299
2012,1.857,0.784,1.858,1.239,1.041,2.165,1.503,1.471,0.915,1.062,0.854,1.612,1.524,1.206,1.148,0.997,2.548,1.768,0.99,2.893,4.321,3.798,2.136,2.842,3.791,4.087,1.878,2.111,5.276,4.08,2.454,0.868,7.339,1.703,1.897,3.707,3.988,3.216,6.183,2.842,3.831,0.845,2.972,1.053,5.265,2.486,2.369,5.085,7.596,2.751,2.447,1.032,3.884,2.523,2.6,3.615,3.701,3.945,0.926,1,1.531,1.112,2.109,2.226
2013,2.21,0.72,1.584,1.973,1.883,2.194,1.307,1.581,1.606,1.182,0.958,2.307,2.172,1.354,1.252,0.737,2.653,1.743,1.302,2.992,4.78,4.298,2.481,2.83,3.994,3.545,2.459,1.937,6.177,4.522,2.224,1.004,7.412,1.535,1.982,4.397,6.992,3.064,5.368,2.277,3.394,0.666,2.65,1.018,7.721,3.593,2.623,4.16,6.899,3.121,2.451,1.339,3.88,2.586,2.169,3.801,4.23,3.597,1.067,0.862,2.097,1.22,2.43,2.311
2014,2.396,0.893,2.055,1.33,1.527,1.988,1.27,1.862,1.17,1.164,1.027,2.152,1.574,1.415,1.166,1.306,2.826,2.021,0.893,2.601,3.67,3.908,1.968,3.211,3.997,4.266,2.212,1.817,6.139,5.075,1.693,1.019,10.505,1.693,2.322,4.307,9.952,3.85,4.683,2.803,2.925,0.687,2.818,1.103,6.138,3.294,2.878,4.574,5.307,2.694,2.738,1.265,3.398,2.465,2.333,3.909,4.284,3.366,1.317,0.81,2.048,1.641,1.865,2.526
2015,2.969,1.072,1.922,2.297,1.983,2.237,1.861,1.64,1.956,1.276,0.929,1.918,1.36,1.641,1.328,0.82,3.716,1.934,1.111,3.604,3.686,3.984,2.157,3.313,5.501,5.713,2.995,2.24,8.649,4.995,1.683,0.929,9.408,1.687,1.745,4.446,7.796,3.951,5.347,2.801,4.228,0.862,2.318,1.363,8.026,3.141,3.024,4.782,6.905,4.015,3.359,1.219,3.554,2.761,2.676,3.484,4.151,3.072,2.292,0.735,1.987,1.526,2.225,2.854
2016,1.819,1.109,1.49,1.579,1.091,1.759,1.606,1.313,1.117,1.176,0.862,1.488,1.258,1.259,0.966,1.352,2.351,1.298,0.814,2.312,3.531,2.572,1.948,2.764,3.405,4.018,2.171,1.535,5.038,4.549,1.887,0.637,9.672,1.808,1.78,2.842,2.377,3.051,5.501,2.679,2.66,0.591,2.694,1.028,4.529,2.65,2.316,3.844,4.88,2.962,2.254,1.12,2.92,2.617,2.419,3.696,2.648,3.489,1.31,0.682,1.023,1.264,1.511,2.241
2017,1.281,1.664,1.764,1.742,1.124,1.827,1.993,1.668,1.415,1.367,0.924,1.549,2.507,1.731,1.096,0.569,3.106,1.938,1.153,4.247,3.649,2.642,2.33,3.623,3.677,6.815,2.956,2.071,6.083,5.372,2.084,0.959,9.422,1.276,1.856,3.617,3.26,3.847,5.229,3.916,3.434,0.634,2.081,0.792,6.704,3.304,2.286,4.932,5.962,2.454,3.2,1.563,3.1,2.998,1.944,3.107,4.244,3.028,1.042,0.73,1.663,1.613,1.923,3.207
